targetvar,var1,var2,var3,var4
17.284,13558.3,4305.35,0.31754,162.173
6.021,6191.96,1623.16,0.26213,53.3894
9.275,7725.98,1726.28,0.22343,67.2887
15.851,8424.58,2368.25,0.28111,67.8325
